Company Name,Industry,Description,Post Date,Post Views,Country,Ransomware Group
Instituto Agrario Dominicano,Public Service,"The Dominican Agrarian Institute is a decentralized government agency under the Ministry of Agriculture,established by Law No. 5879 as of April 27, 1962, with the aim of carrying out agrarian reform programs throughout the national geography by seizing and distributing land to peasants to transform the structure and agricultural production, improving living conditions in a Dominican villages.",Sep-22,"28,400",Dominican Republic,Quantum
Shaw & Slavsky,Manufacturing,"Shaw & Slavsky was founded in 1932 as a manufacturer of POP signs for grocery retailers.  Since our inception, we have provided innovative signage and merchandising solutions for retailers.  We have over 100,000 square feet of manufacturing capacity to build stock and custom signage and fixtures.",Aug-22,"34,700",United States,Quantum
BeeSense,Manufacturing,"BeeSense designs, develops and manufactures advanced, unique, multi-sensor technology-based solutions and independent, wireless communication & power infrastructures for intelligence, surveillance and reconnaissance in the homeland security and defense sectors.",Aug-22,"43,200",Israel,Quantum
Broshuis | Driving innovation,"Advertising, Marketing & Public Relations","Broshuis B.V. is a 100% family owned, Dutch company and one of the largest specialty trailer manufacturers in Europe.",Jul-22,"61,200",United States,Quantum
ZEUS Scientific,Manufacturing,This company provides medical testing equipment and diagnostic services.,Jun-22,"66,900",United States,Quantum
Shred Station,Business Services,Shred Station understand that secure destruction of your confidential &/or sensitive documents is a serious business - hence we offer the very best in high security shredding services.,Jun-22,"102,300",United Kingdom,Quantum
Florida Department of Veterans' Affairs,Others,Connecting veterans to federal and state benefits they have earned.,May-22,"124,900",United States,Quantum
Valley Rentals,Information Technology,real estate investment company,Apr-22,"162,400",Netherlands,Quantum
Drive Products,Manufacturing,"Drive Products now offers a complete range of truck mounted equipment, products, services and solutions through a growing branch and partner network across Canada",Apr-22,"162,300",Canada,Quantum
Tehama County Social Services,Law Firms & Legal Services,Tehama County in California,Apr-22,"150,200",United States,Quantum
Camden City School District,Education,Camden City School District,Apr-22,"174,200",United States,Quantum
JetStar,Transportation,JetStar is an Australian low-cost airline that offers multiple flights at very low costs.,Apr-22,"191,500",Australia,Quantum
InfoTek Consulting Services,Information Technology,"Headquartered in Toronto and conducting business all over the US and Canada and doing business for over twenty years, our dedication and staff make us one of the leading IT consulting firms in North America",Feb-22,"251,700",Canada,Quantum
Maple Lodge Farms,Agriculture,"Founded in 1955, Maple Lodge Farms is a company that produces, processes, and markets chickens and chicken products",Jan-22,"286,400",Canada,Quantum
Avante Health Solutions,Manufacturing,"Avante Health Solutions is a single source provider of medical, surgical, diagnostic imaging, and radiation oncology equipment, including sales, service, repair, parts, refurbishing, and installation. Avante is making it easier and more affordable for every hospital, clinic, and medical practice to have the very best equipment, supplies and service.",Aug-22,"86,700",United States,Quantum
"Moskowitz, Mandell & Salim, P.A.",Law Firms & Legal Services,"Moskowitz, Mandell & Salim, P.A. was established in 1985 and provides legal services in areas of governmental approval, commercial real estate, zoning and land use, corporate transactional law, estate planning, and community association law with emphasis on complex commercial litigation.  &ZeroWidthSpace;",Aug-22,"33,000",United States,Quantum
Liftow LTD,Business Services,"Founded in 1960, Liftow is a Toyota forklift dealer group in North America. They offer new and pre-owned inventory of forklifts as well as parts and services.",Aug-22,"42,100",Canada,Quantum
American International Industries,Financial Services,"Founded in 1971, American International Industries is a manufacturer and distributor of beauty and skin care products.",Jul-22,"69,900",United States,Quantum
RG Alliance Group,Business Services,"R.G. Alliance is an Outsourced Financial Consulting firm based in San Diego, California. It provides services to businesses of all sizes and stages of growth.",Jun-22,"99,600",United States,Quantum
M. Green and Company LLP,Internet & Telecommunication Services,Certified Public Accountants,Jun-22,"101,800",United States,Quantum
Tex-Isle Supply,Energy & Utilities,"Tex-Isle Supply, Inc. is a leading distributor of high quality energy tubulars, with value-added manufacturing and processing capabilities",May-22,"137,600",United States,Quantum
Petro Serve,Construction,"Largest supplier of home heating, commercial and agricultural fuel, and propane and lubricating oil",Apr-22,"162,500",Qatar,Quantum
Henry,Food & Beverages,"Henry Company is an innovator of building envelope systems and develops integrated air/vapor barrier, roofing and waterproofing systems",Apr-22,"162,700",United States,Quantum
Elgin County,Hospitality & Tourism,Elgin County was founded in 1852 and is a county of the Canadian province of Ontario,Apr-22,"165,600",Canada,Quantum
Hi Tech HoneyComb,Manufacturing,Hi Tech Honeycomb Inc. is a leading manufacturer and supplier of honeycomb detail for gas turbine engine seals.,Apr-22,"186,700",United States,Quantum
Service Employees' International Union,Public Service,"SEIU represents approximately 100,000 members. SEIU represents members who work for school boards, home care agencies, hospitals, special care homes, retirement homes, emergency services, social services, and municipalities, among many others",Apr-22,"186,200",United States,Quantum
Jazeera Airways,Aerospace,Jazeera Airways K.S.C is a Kuwaiti airline with its head office on the grounds of Kuwait International Airport.,Feb-22,"274,700",Kuwait,Quantum
Lewis & Clark College,Education,"L&C, founded in 1970, is a two-year higher education institution with multiple campuses, a river research center, humanities center, training center",Jan-22,"312,800",United States,Quantum
Moscone Center,Business Services,"Founded in 1981. Moscone Center is headquartered in San Fransisco, California. Moscone Center is a meeting and exhibition facility",Aug-22,"28,000",United States,Quantum
Freyr Solutions,Information Technology,"Freyr is one of the largest, global, Regulatory-focused solutions and services companies for the Life Sciences industry supporting, Large, Medium, and Small size global Life sciences companies (Pharmaceutical | Generics | Medical Device | Biotechnology | Biosimilar | Consumer Healthcare | Cosmetics | Food and Food Supplements | Chemicals) in their entire Regulatory value-chain; ranging from Regulatory Strategy, Intelligence, Dossiers, Submissions, etc. to Post-approval/Legacy Product Maintenance, Labeling, Artwork Change Management, and other related functions",Aug-22,"38,300",United States,Quantum
"Delon Hampton & Associates, Chartered",Engineering,"In January 1973, Delon Hampton and Associates, Chartered was founded with the sole objective of creating a world-class engineering consulting firm specializing",Jul-22,"60,500",United States,Quantum
Crupi Group,Construction,"The Crupi Group is an assembly of companies surrounding D. Crupi and Sons Ltd. to fulfill paving and road construction needs for developers, municipalities",Jun-22,"85,900",Canada,Quantum
YMCA,"Community, Social Services & Non-Profit Organisations","YMCA of South Florida has been dedicated to building healthy, confident and secure children, families and communities.",Jun-22,"102,200",United States,Quantum
Medlab Pathology,Healthcare Services,"Medlab Pathology is one of Australia's largest, privately owned independent pathology practices",Jun-22,"102,300",Australia,Quantum
Hirsch Watch Straps & Accessories,Wholesale & Retail,"HIRSCH develops and manufactures the most advanced, the most detailed and the finest bracelets in the world. HIRSCH bracelets are the most beautiful outfit for any watch and are eagerly sought-after accessories. In addition to durability, wearing comfort and appealing looks we bring the technical functionality of these smart companions of watches to perfection.",May-22,"139,000",Austria,Quantum
Hufcor,Manufacturing,Movable glass wall company,Apr-22,"162,900",United States,Quantum
Grosvenor Engineering Group,Engineering,Building services partner in Australia and New Zealand,Apr-22,"162,400",Australia,Quantum
CONFCOMMERCIO-Imprese per l'Italia,Public Service,"Italian General Confederation of Enterprises, Professions and Self-Employment, is the largest business association in Italy",Apr-22,"167,900",Italy,Quantum
Broadleaf,Wholesale & Retail,Broadleaf is a family owned food distribution company supplying the highest quality meat and specialty foods to distributors and retailers across the,Apr-22,"186,600",United States,Quantum
Wolfe Industrial,Construction,"This diversity of services gives Wolfe the capability to handle a variety of projects related to material handling, air handling, custom conveyors and so on",Apr-22,"186,500",United States,Quantum
Altoona Area School District,Education,"Altoona Area School District serves K-12th grade students and is located in Altoona, PA.",Feb-22,"291,800",United States,Quantum
Stratford University,Education,"Stratford University offers Associates, Bachelors, and Masters degrees in business administration; computer science and information technology; hospitality and culinary arts; health sciences; and nursing.",Sep-22,"67,095",United States,Snatch
The Execu|Search Group,Business Services,"With 250+ employees across the U.S., we offer direct hire recruiting, contract and staff augmentation, and workforce solutions for companies of all sizes. Our healthcare, technology, pharmaceutical, and professional services teams are each led by recruiters who are truly specialized in their respective fields.",Sep-22,"128,906",United States,Snatch
Lootah Group,Construction,"Formed at the heart of UAE in 1973 by the vision of Mr. Ibrahim Saeed Ahmed Lootah who hails from a Founding Family in Dubai, Lootah Group has consistently grown to become an international corporation with a strong world-wide presence. A 47-year old global conglomerate,",Sep-22,"166,360",United Arab Emirates,Snatch
LAVA,Manufacturing,Lava International Limited is a leading Mobile Handset Company in India and has expanded its operations to multiple countries across the world. Right from its inception Lava has been at the forefront of building a strong ecosystem of design and manufacturing of mobile handsets. The,Jul-22,"264,558",India,Snatch
Hall Cross Academy,Education,"Hall Cross is an historic institution which is proud of its traditions but what motivates us every day is securing the best future for every one of the young people we serve.
A large and vibrant comprehensive academy with nearly 2000 students on roll including approximately",Jul-22,"160,810",United Kingdom,Snatch
Atlantic Dialysis Management Services,Healthcare Services,"Atlantic Dialysis Management Services, LLC (“ADMS”) was established to provide new dialysis site development, day to day administration and management of dialysis services and related business development activities.  The business strategy is to maximize individual site results through consolidated activities.  Central to the",Jul-22,"126,911",United States,Snatch
HEMERIA,Engineering,"At HEMERIA, we design and manufacture high-dependability, high-tech equipment and systems for the very exacting requirements of the space industry and France’s nuclear deterrence force.",Jun-22,"192,516",France,Snatch
Apex,Financial Services,"Established in April 1975, we started the design model business for home appliances. Since our founding, we have worked on many design and working models in many industries such as home appliances, office automation equipment, automobile parts, medical equipment, and amusement equipment as a company",Jun-22,"125,600",Bermuda,Snatch
Warren Resources,Energy & Utilities,"Warren Resources’ properties include high-quality, low-decline conventional oil and natural gas assets in the core of the Wilmington Field, in L.A. County, CA. Our value-driven strategy focuses on continuously generating capital efficiencies and operation with low production and G&A costs, with a disciplined approach to",Jun-22,"195,431",United States,Snatch
Xtera,Manufacturing,"Xtera deliver submarine cable solutions that maximise optical capacity and capability from seabed to city through outstanding expertise, know-how and technology innovation that is underpinned by leading-edge research and development.",Jun-22,"247,429",United States,Snatch
Mab Group,Financial Services,"MAB Group with 13 subsidiaries and spread over 7 countries, we at MAB are evolving into one of the fastest growing industry specific services companies in the region. Headquartered in Dubai, the land of opportunities and an emerging super power in the world of business,",Jun-22,"276,942",United Arab Emirates,Snatch
McDonald's,Food & Beverages,"Back in 1954, a man named Ray Kroc discovered a small burger restaurant in California, and wrote the first page of our history. From humble beginnings as a small restaurant, we're proud to have become one of the world's leading food service brands with more",Jun-22,"176,149",United States,Snatch
Medical Pharmacies,Engineering,"Medical Pharmacies is the leader in medication management, specialty pharmacy services and providing medical supplies and equipment to the Canadian healthcare industry.
Working in a field that provides such critical services, their staff of over 1500 members has to be up-to-date on the latest drug recalls,",May-22,"234,424",Canada,Snatch
APG-Neuros,Manufacturing,"APG-Neuros holds a strong foundation both in aeronautic technology and engineering. APG-Neuros was founded in 2005 to distribute, manufacture, provide aftermarket support and continued development of the high-efficiency Turbo Blowers and complete Aeration Systems for the municipal and industrial markets in North America and Europe.",May-22,"233,405",Canada,Snatch
Thomson Broadbent,Engineering,"Thomson Broadbent provides high quality advice to homeowners, developers, private estates and landowners whose properties are impacted by new road, rail, airport and existing or new electricity power line projects. Our role is to guide the landowner through the statutory processes and with our specialist",May-22,"222,602",United States,Snatch
TUI UK,Hospitality & Tourism,"When it comes to arranging your holiday, you can click on our website, pop into one of our stores, launch our app or call our contact centre. While you’re away, our 24/7 TUI Experience Centre means our global team of travel experts are on hand",May-22,"189,660",United Kingdom,Snatch
InTown Suites,Hospitality & Tourism,"With over 196 locations in 22 states, InTown Suites is America’s largest wholly owned economy extended stay brand. We’ve been providing outstanding value to guests for decades, and we know how to deliver an exceptional experience.
We work hard to live up to our mission and",Apr-22,"157,351",United States,Snatch
Leuze,Manufacturing,"With curiosity and determination, the Sensor People of Leuze have been driving innovation and technological milestones in industrial automation for more than 50 years. They are driven by the success of their customers.
The technology leader’s high-tech product range includes a number of different sensors for",Apr-22,"159,167",Germany,Snatch
Yip in Tsoi,Information Technology,"Yip In Tsoi is an enterprise located in Thailand, with the main office in Bangkok , Special Governed District of. The enterprise operates in the Computer Systems Design Services industry. It was first established on 1930. Yip In Tsoi & Co Ltd currently employs 1,000",Mar-22,"92,487",Thailand,Snatch
Hanon Systems,Automotive,"Hanon Systems manufactures a variety of automotive air control equipment. The Company's products include air conditioners, heaters, cooling modules, compressors, radiators, fans, evaporators, and condensers. Hanon Systems distributes its products on an original equipment manufacturing (OEM) basis.",Mar-22,"150,285",South Korea,Snatch
Overseas Travel Bureau,Hospitality & Tourism,"Overseas Travel Bureau (OTB), a native travel agency established in 1992 in Doha, and recognized as one of the top Travel Management boutiques in Qatar. Successful in nurturing a team of experienced and passionate travel experts.",Mar-22,"74,783",Israel,Snatch
Volvo Car Corporation,Manufacturing,"The first Volvo car rolled off the Gothenburg production line in Sweden in 1927. Since then, Volvo Car Group has been a world-leader in safety technology and innovation. Today, Volvo is one of the most well-known and respected car brands in the world with sales",Mar-22,"153,064",Sweden,Snatch
Arbitech,Wholesale & Retail,"From our founding in 2000, Arbitech has become the world’s leading independent distributor of data center products, and a valuable complement to conventional distribution options. By providing quality products, quickly and efficiently, at low, hassle-free prices, Arbitech enables you to win more business.",Mar-22,"147,025",United States,Snatch
Skyxe Saskatoon Airport,Hospitality & Tourism,"Very incompetent in negotiations
Chatlog will be added soon same as names of employees who told us ""I don't care""",Mar-22,"157,151",Canada,Snatch
Cadence Aerospace,Aerospace,"Our Centers of Excellence are based in the USA and Mexico. We machine hard metals and aluminum alloys, perform sheet metal fabrication, titanium hot forming, produce assemblies, chemical processing and provide supply chain management in support of our products. With clearly defined products and services,",Feb-22,"140,427",United States,Snatch
Haplo Services,Information Technology,"Nossa empresa é focada em desenvolvimento de novas tecnologias no mercado de rastreamento veicular, e está pronta para atender suas demandas.
Tem mais de 8 anos de experiência no mercado.
Crie sua conta em minutos em nossa plataforma, e deixe-nos ajudar no crescimento da sua empresa.",Feb-22,"72,247",United Kingdom,Snatch
ABC Seamless,Manufacturing,"ABC Seamless has installed durable and beautiful steel home products since 1978
Our proven home improvement solutions and ironclad reputation make ABC one of the most trusted exterior renovation companies in the nation.",Feb-22,"108,124",United States,Snatch
Amtech Corporation,Manufacturing,"Recognized as one of the fastest growing, and most innovative, small businesses in the State of Washington, Amtech is a diverse manufacturer of composite-based products and parts. With expertise in Design, Engineering, and Research and Development, Amtech’s products are distributed in both military and commercial",Feb-22,"113,907",United States,Snatch
Premium Transportation Group,Business Services,"Since 1985 Premium Transportation Group, Inc. has consistently partnered with logistics companies to deliver customized, high-quality driver and logistics staffing, efficient human resource management, benefits administration and comprehensive workers’ compensation programs.  Premium’s broad scope of services, combined with a large employee base and operations",Feb-22,"78,444",United States,Snatch
QRS Healthcare Solutions,Business Services,"QRS INC. was founded in 1983 to help providers become profitable and to support them in their goals of better healthcare for their patients. We are proud of what we do, and we work hard to create a support environment built on personal relationships and",Feb-22,"91,410",United States,Snatch
CareFirst CHPDC,Financial Services,"CareFirst BlueCross BlueShield Community Health Plan District of Columbia (CareFirst CHPDC) is a for-profit healthcare company which offers a comprehensive portfolio of health insurance benefits and services to over 66,000 enrollees in the District of Columbia. Since 2013, our team has provided comprehensive managed care",Jan-22,"95,852",United States,Snatch
Fittingbox,Information Technology,"Today, Fittingbox employs more than 80 people around the world, and counts more than 4,000 businesses among its clients, ranging from major international players of the optical and luxury industries such as lenses and frames manufacturers, optical franchises, e-retailers and luxury brands.",Jan-22,"83,192",France,Snatch
Private Company,Healthcare Services,SSN_1.csv; PATIENTCONTACTS_VIEW.csv; IB_Appointment_Info.csv; location.csv; etl.csv; guarantor-2.csv; Policy_info-2.csv; contact-2.csv; contact.csv; EMED_REFILL_REQUEST.csv; ALLCAREGIVERS_VIEW.csv; IB_Provider_Info.csv; IB_Observation.csv; GHS_PatientRegistration.csv; DEMGUARANTOR-3.csv; IB_Emergency_Contact_Info.csv; etl_provider.csv; PATIENT_PORTAL_PATIENTS_VIEW.csv; etl_provider.csv; IMREPROV_CODE.csv; IB_Appointment_Info_ID.csv; IMREDEM_CODE.csv; ext_patient.csv; guarantor.csv; insurance.csv; Policy_info.csv; DEMOGRAPHICS.csv; Caregiver.csv; patient_info.csv; ARCH_DEMOGRAPHICS.csv; providers-3.csv; providers-2.csv; providers.csv; PORTAL_WEB_ACCOUNTSPORTAL_WEB_ACCOUNTS-2.csv; DEMGUARANTOR.csv; DEMGUARANTOR-2.csv; PORTAL_WEB_ACCOUNTSPORTAL_WEB_ACCOUNTS.csv; hpsite.patient.csv; Dbo.observation.info-2.csv; Dbo.observation.info.csv,Jan-22,"52,161",United States,Snatch
TaxNetUSA,Business Services,"TaxNetUSA was founded in 1994 and has since become the leader in property tax information for the state of Texas and beyond. Created by property tax consultants, we serve the real estate and property tax industries with innovative tools and unlimited access to the most",Jan-22,"47,630",United States,Snatch
Altrux Medical,Healthcare Services,"Altrux Medical was established in 2006 and is headquartered in Atlanta, Georgia. We are a family owned and operated business. I enjoyed my early career in information technologies as an Apple Macintosh expert in the executive office suite industry, then home educated our three children.",Jan-22,"68,831",United States,Snatch
"Bock, Hatch, Lewis & Oppenheim, LLC",Law Firms & Legal Services,"Led by Phillip A. Bock, the attorneys at Bock Law Firm, LLC d/b/a Bock Hatch & Oppenheim, LLC have more than 100 years of litigation experience. We’ve spent most of that time litigating class actions on behalf of consumers, employees, and small businesses.
We are competent,",Jan-22,"87,862",United States,Snatch
Landmark Builders,Construction,"When Paul Stephens founded Landmark Builders in 1975, he was determined to make his company “the preferred builder that consistently delivers what is promised.” His principles of integrity, dependability, and a disciplined work ethic paved the way for Landmark to become one of the most",Jan-22,"87,324",United States,Snatch
Match MG,"Advertising, Marketing & Public Relations","Public Label’s cultural movements’ strategic and creative methodology redefines the future of marketing and advertising. At the same time, Match Retail’s grassroots, people-centric approach to retail engagement raises the bar to a whole new level. We invite you to explore these two new exciting agencies.",Jan-22,"95,687",Canada,Snatch
Otto Dörner GmbH & Co. KG,Energy & Utilities,,Jan-22,,Germany,Hive
Kinsey Mhire,Consumer Services,,Jun-22,,United States,Hive
KDE,Information Technology,,May-22,,United Kingdom,Hive
NETWORK4CARS,Automotive,,May-22,,Netherlands,Hive
Banco Caribe,Financial Services,,Jan-22,,Dominican Republic,Hive
GROUP4 AUSTRALIA,Construction,,Jul-22,,Australia,Hive
"SuperAlloy Industrial Co., Ltd.",Manufacturing,,Jun-22,,United Kingdom,Hive
LaVan & Neidenberg,Business Services,,Jun-22,,United States,Hive
Attica Group,Shipping & Logistics,,Apr-22,,Greece,Hive
Goodman Campbell Brain & Spine,Healthcare Services,,May-22,,United States,Hive
CITY-FURNITURE,Wholesale & Retail,,Jun-22,,United States,Hive
AUM Asset Management,Financial Services,,May-22,,Malta,Hive
Authentic Brands Group,"Advertising, Marketing & Public Relations",,Jun-22,,United States,Hive
Yurtiçi Kargo,Transportation,,May-22,,Turkey,Hive
Alphapointe,"Community, Social Services & Non-Profit Organisations",,Apr-22,,United States,Hive
Yachiyo Of America,Manufacturing,,Apr-22,,Japan,Hive
Passero Associates,Construction,,Mar-22,,United States,Hive
Royal Wootton Bassett Academy Trust,Education,,Jul-22,,United Kingdom,Hive
CARTEGRAPH,Information Technology,,Apr-22,,United States,Hive
Pollmann,Manufacturing,,Feb-22,,Austria,Hive
New York Racing Association,Others,,Jun-22,,United States,Hive
NCG Medical,Information Technology,,Aug-22,,United States,Hive
Eurocell,Manufacturing,,Jul-22,,United Kingdom,Hive
Travira Air,Transportation,,May-22,,Indonesia,Hive
APETITO,Manufacturing,,Jun-22,,United Kingdom,Hive
Hamlyns Limited,Business Services,,Jun-22,,United Kingdom,Hive
Caracol TV,Broadcasting,,May-22,,Colombia,Hive
WWSTEELE,Manufacturing,,May-22,,United States,Hive
NSM Insurance Group,Financial Services,,Feb-22,,United States,Hive
The Mill International,Wholesale & Retail,,Apr-22,,Singapore,Hive
SSK Ingeniería Y Construcción S.A.C.,Construction,,Mar-22,,Peru,Hive
SportPlaza Hillegom,Hospitality & Tourism,,Apr-22,,Netherlands,Hive
California-Oregon Telecommunications Company,Internet & Telecommunication Services,,Jul-22,,United States,Hive
ENN Group,Energy & Utilities,,Jul-22,,China,Hive
Asphalion,Manufacturing,,Feb-22,,Spain,Hive
Polynt Group,Engineering,,Jan-22,,Italy,Hive
Sigmund Software,Information Technology,,Sep-22,,United States,Hive
XEIAD,Construction,,May-22,,United Kingdom,Hive
BHARBERT,Construction,,Sep-22,,United States,Hive
Altice International,Internet & Telecommunication Services,,Aug-22,,Netherlands,Hive
Rallye,Wholesale & Retail,,Jun-22,,France,Hive
Carrolls Irish Gifts,Wholesale & Retail,,Jul-22,,Ireland,Hive
SANDO,Construction,,Jun-22,,Spain,Hive
Ministry For Foreign Affairs Of The Republic Of Indonesia,Public Service,,Jan-22,,Indonesia,Hive
Baton Rouge General,Healthcare Services,,Jun-22,,United States,Hive
Medienservice Konradin,Business Services,,Mar-22,,Germany,Hive
Konecta Foundation S.L. SUCURSAL ARGENTINA,Internet & Telecommunication Services,,Feb-22,,Spain,Hive
CAN.COM,Information Technology,,May-22,,Netherlands,Hive
"Faw-Volkswagen Automobile Co., Ltd.",Manufacturing,,Apr-22,,China,Hive
Eurocoin Interactive,Others,,Feb-22,,Netherlands,Hive
ITS InfoCom,Information Technology,,Jan-22,,Costa Rica,Hive
Creative Liquid Coatings INC,Manufacturing,,Jan-22,,United States,Hive
Doner,"Advertising, Marketing & Public Relations",,Feb-22,,United States,Hive
Ente Público de Radiotelevisión de Castilla-La Mancha (RTVCM),Broadcasting,,Jun-22,,Spain,Hive
SOUCY,Manufacturing,,Apr-22,,Canada,Hive
G&P Projects And Systems S.A.,Information Technology,,May-22,,Brazil,Hive
FONTAINEBLEAU,Real Estate,,Sep-22,,United States,Hive
NUAIRE,Manufacturing,,Apr-22,,United Kingdom,Hive
FMT Strategy,"Advertising, Marketing & Public Relations",,Jun-22,,Canada,Hive
DIRECTFERRIES,Consumer Services,,Apr-22,,United Kingdom,Hive
TriState HVAC Equipment,"Advertising, Marketing & Public Relations",,Jul-22,,United States,Hive
Behavioral Health System,Healthcare Services,,May-22,,United States,Hive
Powerhouse1,Construction,,Feb-22,,United States,Hive
Tri-Ko,"Community, Social Services & Non-Profit Organisations",,Apr-22,,United States,Hive
Bell Technical Solutions,Internet & Telecommunication Services,,Aug-22,,Canada,Hive
Massy Distribution Limited,Wholesale & Retail,,Apr-22,,Jamaica,Hive
ChemStation International,Manufacturing,,Apr-22,,United States,Hive
Monterey Mechanical Co.,Manufacturing,,Apr-22,,United States,Hive
Reiter Affiliated Companies,Agriculture,,Jul-22,,United States,Hive
EIITNET,Hospitality & Tourism,,Apr-22,,United States,Hive
Guardian Fueling Technologies,Energy & Utilities,,Apr-22,,United States,Hive
Weidmueller,Manufacturing,,Jul-22,,United States,Hive
RateGain,Information Technology,,May-22,,India,Hive
Primeo Energie,Energy & Utilities,,Feb-22,,Switzerland,Hive
"Hyundai Samho Heavy Industries Co.,Ltd. (South Korea)",Manufacturing,,Feb-22,,South Korea,Hive
Diskriter,Healthcare Services,,Jun-22,,United States,Hive
Emil Frey,Automotive,,Jan-22,,Switzerland,Hive
AdaptIT,Information Technology,,Jul-22,,South Africa,Hive
Exela Technologies,Information Technology,,Jun-22,,United States,Hive
Arte Radiotelevisivo Argentino (Artear),Broadcasting,,Jun-22,,Argentina,Hive
Rodonaves Transportes E Encomendas Ltda,Manufacturing,,Jan-22,,Brazil,Hive
Centerline Communication Llc,Internet & Telecommunication Services,,Feb-22,,United States,Hive
Parrott & McInnis,Law Firms & Legal Services,We are a full-service law firm providing our clients with superior legal services by leveraging our resources and personnel to deliver timely legal advice...  Phone: +1 832-485-6000,Sep-22,346,United States,LockBit
R&B Roofing,Construction,Phone Number: (888) 260-3947  Owners phone numbers:  Doug Reader (214) 221-5000 ext 221  Kevin Ballard (214) 221-5000 ext 222  But external not working...  CEOs completely ignored our calls and said they didn't care about anything.  Fo...,Sep-22,243,United States,LockBit
Centre Hospitalier Sud Francilien,Internet & Telecommunication Services,"We present to you the French clinic. CH-SF.FR REVENUE $650 million. This company does not want to fulfill its part of the transaction to buy out the decryptor and personal data of its customers, patients and partners. This company does not care a...",Sep-22,2134,France,LockBit
Conger Construction Group,Construction,"When Larry Conger founded Conger Construction Group in 1992, he had a vision of building a company that would act with integrity in every project, no matter what the challenge. Since then, we’ve established ourselves as one of the most respected cons...",Sep-22,263,United States,LockBit
Thor Guard,Manufacturing,"THOR GUARD began manufacturing Lightning Prediction Systems in 1973. Over the last 50 years, we have studied thousands of hours of Lightning Strike Data over the millions of hours of our systems operations - all for the purpose of continually improvi...",Sep-22,274,United States,LockBit
Sunshine Coast Regional District,Others,"The Sunshine Coast Regional District (SCRD) is the regional government serving the residents of the Sunshine Coast. Formed in 1967, the SCRD is one of 27 regional districts that were designed to establish a partnership between electoral areas and mem...",Sep-22,365,Canada,LockBit
Franck BEUN,Construction,"Franck Beun - Edifice & Habitat Franck Beun - Edifice & Habitat est une entreprise de Maçonnerie, Plâtrerie, Menuiserie, Taille de Pierre, Carrelage et Assainissement. Franck Beun Edifice & Habitat est de la catégorie » Bâtiment et construction » q...",Sep-22,698,France,LockBit
Interactive Digital Technologies,Internet & Telecommunication Services,Interactive Digital Technologies Inc (IDT) was established in 2003 with an initial focus on the Media industry.,Sep-22,250,China,LockBit
WEB Nordeste,Manufacturing,"Web Nordeste manufactures equipment and provides services for the Oil & Gas industry, according to API standards. Files contains Administrative and Finance files",Sep-22,278,Brazil,LockBit
Phoenix Silicon International,Engineering,"Phoenix Silicon International was established in 1997, and was started from Wafer Reclaim Department. Then, it developed to Wafer Thinning Department and Wafer Integration Department. PSI takes technological innovation and high quality as the goals,...",Sep-22,665,China,LockBit
Your Private Italy,Hospitality & Tourism,"Your Private Italy it THE luxary travel, destionation management specialist to italy. We arrange luxury travel that is custom designed especially for you, the educated traveller, looking to experience Italy in a truly distinctive and authentic manner...",Sep-22,352,United States,LockBit
Software Line,Consumer Services,Un gruppo di professionisti per progettare con te il tuo Sistema Informativo. L'evoluzione dell'impresa e dei suoi professionisti è stata nell'acquisire esperienze e capacità per accompagnare i clienti nella progettazione e realizzazione delle loro t...,Sep-22,1467,Canada,LockBit
Cng Ty Tnhh c Anh,Manufacturing,"ducanh Manufacturing, printing, trading and import-export plastic packages (Vietnam)",Sep-22,644,Vietnam,LockBit
Uide,Education,UIDE - Universidad Internacional del Ecuador is the leading international university in Ecuador.,Sep-22,357,Ecuador,LockBit
Marugo,Business Services,"Since our founding in 1964, Marugo Kiso Kogyo Co., Ltd. has carved out a history with the modernization and economic growth of Japan through our technical capabilities and sincere work. Technological innovation is progressing at a rapid pace in the f...",Sep-22,2577,Japan,LockBit
IFW,Information Technology,Introducing IFW Global Experts in cybersecurity and cybercrime investigation. We have a lot of confidential data of this company at our disposal. Data on ongoing and closed cases and investigations. Testimony of informants and victims. Non-disclosure...,Sep-22,423,Germany,LockBit
Elementor,Internet & Telecommunication Services,Betoncentrale in Noorwegen,Sep-22,543,Israel,LockBit
Mektec,Engineering,"Mektec Trading (Shanghai) Co., Ltd",Sep-22,706,United States,LockBit
OKI Brasil,Information Technology,"OKI Brasil is the banking automation, business automation, and IT services company of the Japanese OKI group in Latin America and Europe. WE HAVE 40 GB CONFIDENTIAL DATA",Sep-22,730,Brazil,LockBit
Czarnikow,Business Services,"Ihre Spezialisten für Sanitär, Heizung, Badgestaltung und vieles mehr aus Pottum - Hering & Heinz .",Sep-22,799,United Kingdom,LockBit
DSS,Aerospace,"We are pleased to introduce you to DSS company that is one of the suppliers of weapons to Ukraine, Russia, Somalia, Kenya.  We have downloaded about of 200Gb private data: confidential contracts to supply of weapons to many countries and other priv...",Sep-22,1727,Czech Republic,LockBit
SAS C/E/S,Wholesale & Retail,"Spécialiste du conditionnement à façon préparer - conditionner - emballer Produits pâteux, liquides, semi-liquides - Poudres Industriel Seringues et cartouches - mono et bi-composant - Tubes aluminium et plastique Pots, flacons, bidons, seaux Sachets...",Sep-22,1326,France,LockBit
Einstein Kaffee,Hospitality & Tourism,"Le Kaffee Berlin est une idée, une vision de l'art de vivre à Berlin et nous avons réussis à grandir tout en restant fidèles à nos amours d'origine. Nos 5 restaurants à Lyon vous proposent un voyage culinaire au coeur de la capitale allemande : Un me...",Sep-22,1308,Germany,LockBit
Scotto Brothers,Hospitality & Tourism,"Distinct Venues In Long Island Scotto Brothers, The Trusted Name In Hospitality Family-owned and operated since 1961, Scotto Brothers is a leading name in Long Island hospitality. We have the history, experience and passion to handle every moment of...",Sep-22,1297,United States,LockBit
Equator Trustees Limited,Financial Services,"Contact Us Equator Trustees Limited is licensed by the Seychelles Financial Services Authority (FSA) as a Corporate and Trustee Service Provider, and has offices in Victoria, the capital city of Seychelles on the island of Mahe. Our principals are ex...",Sep-22,1291,Seychelles,LockBit
Orion Innovation,Information Technology,"Orion Innovation is a leading digital transformation and product development services firm. Headquartered in Edison, NJ, we have a global team of over 6,200 associates, with engineers in 14 major delivery centers across North America, Europe, Asia Pa...",Sep-22,2816,United States,LockBit
Nakamura,Consumer Services,"Business content Import, processing, and wholesale of raw materials for compound feed Import, processing, and wholesale of raw materials for organic and inorganic fertilizer Real estate rental business (Kanda Ogawamachi Nakamura Building) Import a...",Sep-22,1696,Japan,LockBit
Aliat Universidades,Financial Services,Hotline: 1900555538. Email: contact@aliat.group. www.aliat.group. HO CHI MINH CITY HA TINH CITY CAN THO CITY. HA NOI CITY BAC NINH CITY PHNOM-PENH CITY,Sep-22,1655,Mexico,LockBit
D-Sécurité,Business Services,"D -Sécurité Groupe spécialiste en Santé Publique, détient les marques Défibrillateur France et Qualit-Air. Découvrez nos défibrillateurs et nos purificateurs d'air. Nous recrutons - Contactez-nous 04 78 200 278 contact@d-securite.com Passer au conten...",Sep-22,1686,France,LockBit
MEDICAL 69,Healthcare Services,"MEDICAL 69, fondée par Frédéric Deborde en 2001, vous propose la vente, la location et le service après-vente de matériel médical, de confort et de bien-être. - une disponibilité 24h/24 en cas d'urgence grâce à son service d'astreinte. MEDICAL 69 peu...",Sep-22,1668,France,LockBit
ASECNA,Aerospace,ASECNA African agency for air traffic control,Sep-22,1359,Gabon,LockBit
Mark Albert Herder,Law Firms & Legal Services,Bankruptcy Attorney And Counsellor At Law We are a debt relief agency that helps people file Chapter 7 and Chapter 13 bankruptcy cases under the United States Bankruptcy Code Have all client files,Sep-22,1730,United States,LockBit
Southampton County Public Schools,Education,"Founded in 1749, Southampton County, Virginia, owes its rich heritage to agriculture and forestry. For generations, our land assets (600 square miles) have served our residents well and our people have maintained high quality work standards through t...",Sep-22,1655,United States,LockBit
Comisión Nacional de Acreditación,Education,Comisión Nacional de Acreditación,Sep-22,1662,Chile,LockBit
Independence S.A.,Others,Independence S.A. is a Colombian company with 40 years of experience in the drilling and maintenance of oil and gas wells.  independence.com.co\aramos:Marzo04* 180 GB DATA,Sep-22,1668,Colombia,LockBit
Makler,Financial Services,"makler.com.ve Ofrecemos un servicio centrado en las necesidades de nuestros clientes y a la medida de sus exigencias, asesorándolos en todos los ramos de seguros: Patrimoniales, Fianzas, Automóviles y Personas.  Poseemos una trayectoria de más de...",Sep-22,1651,Germany,LockBit
Inspecs Group,Wholesale & Retail,Your vision is a sense that has to be accurate to achieve daily functions. A comprehensive examination can evaluate your vision and the health of your eyes. We will pinpoint any symptoms you may have and take the proper procedures to correct the issu...,Sep-22,1842,United States,LockBit
KC Green Holdings,Business Services,"Under the management philosophy of human oriented management, KC Green Holdings is a company that attempts to deliver genuine value to customers with challenging spirit without hesitation of change and innovation.",Sep-22,1814,South Korea,LockBit
AIPC Energy,Energy & Utilities,"AIP Inc. Medical Division provides contract, temp-to-perm, locum, and direct hire personnel to every segment of the Healthcare market and will quickly fill medical staffing requests with AIP Inc. Click Here For More Info WE WANT TO BE ON YOUR O&G TEA...",Sep-22,1816,United States,LockBit
City of Bartlett,Public Service,"Strategically located within the heart of Shelby County, the City of Bartlett embeds a rich history. The town was a lone stagecoach stop by the 1830s. Now Shelby County's 2nd and Tennessee's 10th largest city, Bartlett still preserves the small town...",Sep-22,1834,United States,LockBit
Quintal,Energy & Utilities,"Quintal contribuye al desarrollo de los sectores agrícola, de la construcción, metalúrgico y energético a través de la fabricación y distribución de productos químicos a base de Manganeso y la comercialización de insumos para fundición y siderurgia....",Sep-22,1797,Indonesia,LockBit
Ville de Faulquemont,Public Service,Place de l'Hôtel de Ville - BP 63. 57380 Faulquemont - FRANCE +33 3 87 29 70 00. Contact par formulaire. Liens utiles. Usine d'Electricité de Metz (UEM) Préfecture de la Moselle Déchetterie Communauté de Communes du District Urbain de Faulquemont (DU...,Sep-22,1815,France,LockBit
Land Rover,Automotive,"BIENVENUE DANS VOTRE CONCESSION LAND ROVER AVIGNON. Notre équipe est à votre disposition pour vous accompagner lors de l'achat de votre véhicule Land Rover. Découvrez sur notre site la gamme et les dernières nouveautés Land Rover, les occasions Land...",Sep-22,1805,United Kingdom,LockBit
SaRa'ssure,Financial Services,"Notre cabinet de courtage d'assurances particuliers et professionnels sur Bourgoin Jallieu. SaRa'ssure est un cabinet de courtage indépendant, nous ne dépendons d'aucune compagnie d'assurance. Marise et Nathalie vous représentent auprès des assureurs...",Sep-22,1775,France,LockBit
Communauté de communes du Pays de Colombey et du Sud Toulois,Public Service,"PROJET de TERRITOIRE Pays de Colombey Cette démarche vise à construire avec vous, les habitants, le projet territorial de demain. Réunions thématiques, et balades de territoires ci-dessous Faire des économies d'énergies ? Isoler sa maison ? Un nouvea...",Sep-22,1761,France,LockBit
Geraldine Donnais,Law Firms & Legal Services,Tous les documents doivent impérativement être adressés par voie postale ou par courriel. Aucune remise de documents n'est acceptée au bureau d'accueil. L'accueil téléphonique - 03.83.54.81.57 - est assuré du lundi au jeudi de 9h00 à 12h00. Maître DO...,Sep-22,1741,France,LockBit
Maleo Assurances,Financial Services,Comparateur de mutuellesdepuis plus de 10 ans. Comparateur de mutuelles. depuis plus de 10 ans. Assurances MALEO diffuse une gamme de produits innovants en SANTÉ et PRÉVOYANCE. Plus d'informations Obtenir un devis gratuit. 10 ans d'expérience.,Sep-22,1752,France,LockBit
Maison Loisy,Wholesale & Retail,"immobilier neuf dans la ville : Annecy Annecy offre un large choix de types de logements, avec des prix et des tailles très différents. Du studio à la grande villa, le marché immobilier d'Annecy vous permettra de trouver votre logement idéal. Il exis...",Sep-22,1739,France,LockBit
L'Agence 33,Real Estate,"Présentation | L'agence 33 Vente Tous types de biens Nb de pièces Nos coups de cœur Saint-Selve 451 500 € 4 Vente 5 pièces 117 m² 934 m² Maison EXCLUSIVITE Proche toutes commodités à pied et dans une impasse, venez découvrir ce plain-pied récent bien...",Sep-22,1734,France,LockBit
JT Engineering,Engineering,"At JT Engineering, client satisfaction is our primary goal. We listen and focus on your needs. Developing client-based solutions to get your project completed on time and on budget is what drives us. Our core group of engineers specialize in transpor...",Sep-22,1737,United States,LockBit
OVH Groupe SAS,Internet & Telecommunication Services,"GERMANY: Almost 230,000 work-related Covid-19 cases since 2020. Since the beginning of the pandemic, the social accident insurances (BG and UK) have received more than 350,000 reports of work-related Covid-19. They have recognized the occupational na...",Sep-22,1728,France,LockBit
EUROMODULES,Manufacturing,"Sécurisant mais toujours esthétiques, les espaces modulaires Euro Modules offrent des formes contemporaines et des volumes confortables répondant aux exigences les plus actuelles. Le principe constructif permet une ultra modularité, c'est-à-dire la r...",Sep-22,1730,France,LockBit
Cabinet Maurice Burger,Real Estate,"Créé en 1930, le Cabinet Maurice Burger a toujours été une affaire de famille. C'est aujourd'hui Benjamin Darmouni qui en assure la présidence à la suite de son père Jean Claude Darmouni. Nos équipes vous conseillent et vous offre un accompagnement p...",Sep-22,1728,France,LockBit
ARTDIS,Shipping & Logistics,"Depuis artis.net, consultez le catalogue d'un grossiste pour vérifier la disponibilité ou le prix d'une référence Par un simple clic, créez la référence d'achat dans votre système et la commande chez le fournisseur sans sortir de votre ERP Ils ont ch...",Sep-22,1696,France,LockBit
KWP INSIDE HR,Business Services,"Karriere im KWP beginnen Wohnungen mitten im Leben Die Häuser zum Leben bieten Wohnplätze für Studierende an. Generationenwohnen ist kein Schlagwort, sondern Programm. Wohnung finden Ich fühle mich wirklich wohl hier, weil die Betreuung nett ist und...",Sep-22,1777,Germany,LockBit
Cultivar,Wholesale & Retail,"Hoy, casi 50 años después, Cultivar opera en todo el mundo, convirtiéndose en una de las principales empresas en el sector de la importación. Nuestros servicios. Nuestro compromiso es poner al alcance de nuestros clientes los servicios más innovadore...",Sep-22,1728,Spain,LockBit
The Zinc Group Ltd,Business Services,"The Zinc Group Limited is a Registered Company in England and Wales. Registered Office: Kings House, 4 Elm Court, Arden, Stratford upon Avon CV37 6PA.",Sep-22,1700,United Kingdom,LockBit
Baker McKenzie,Law Firms & Legal Services,"Director: Donald M MacKenzie, LL.B., Dip L.P., N.P. Practice Manager: Mary E Mitchell. The MacKenzie Law Practice is a trading name of MacKenzie Law Ltd (registered number SC447472) registered office and postal address, 2nd Floor, Highland Rail House...",Sep-22,1660,United States,LockBit
Tax Prep & Accounting Services,Business Services,Business Tax Prep. And More is dedicated to the financial success of your business. We ensure that the tax and financial affairs of your current and future business are up to date and in order.,Sep-22,1642,United States,LockBit
TAPCO Credit Union,Financial Services,"Credit 101 In-Person Seminar. Learn how to make your credit work for you! Sept. 24th at the Foss Waterway Seaport. Register Today. Swipe & Win. Use Your TAPCO Visa Debit or Credit Card for a Chance to Win $1,000!",Sep-22,1666,United States,LockBit
Ideal Tridon,Manufacturing,"Trust & quality define Ideal-Tridon's Spring Loaded T-Bolt Clamps. Engineered for constant tension performance and usage in heavy duty trucks, industrial machinery, off-road equipment and agricultural irrigation.",Sep-22,1690,United States,LockBit
Bakker Heftrucks B.V.,Transportation,"WELCOME TO BAKKER FORKLIFTS BV  As a SVETRUCK ,CLARK forklift importer/dealer & BULMOR sideloader supplier, we have been supplying everything that has to do with internal transport, CLARK forklifts, CLARK parts, warehouse trucks, BULMOR sideloaders...",Sep-22,1886,Netherlands,LockBit
automotiveMastermind,Information Technology,"Who is HME Technologies HME Technologies, established in 1977, is today a leading OEM contract manufacturer in this region. We specialized in the Oil & Gas Equipment and Process EquipmRead More  Headquarters Headquarters:  23 Pioneer Cres, Sing...",Sep-22,3435,United States,LockBit
American Tile & Stone,Construction,"Since 1983, American Tile & Stone has been providing exceptional flooring, tile and stone installation throughout Northern California",Sep-22,5211,United States,LockBit
Grupo AccionPlus,Business Services,El Grupo AccionPlus es la holding colombiana líder en la prestación de soluciones de outsourcing y de suministro de personal basadas en talento humano.,Sep-22,4877,Colombia,LockBit
Lenax Construction Services,Construction,"Since our inception in 1993, Lenax Construction Services, Inc. (LENAX) has provided quality construction consulting services to a diverse range of engineering, design, construction firms, and public sector owners. We pride ourselves in maintaining a...",Sep-22,5056,United States,LockBit
Casa Pellas,Wholesale & Retail,"Stolen: 165 gigs: CREDITCAP folders, insurance documents, credit documents, employee folders, proceedings, disputes and more  Sale of new cars, liquor, industrial machinery, tires, spare parts, motorcycles, marine engines and distribution of mass c...",Sep-22,7581,Nicaragua,LockBit
Ares Foods,Wholesale & Retail,"Founded by the Christopoulos family in 1999, Ares Foods started out in a small butcher shop on Bernard Avenue in the Mile-End. From its humble beginning, the company grew quickly and, in 2002, moved to its current warehouse on Alexandra Street to acc...",Sep-22,6838,Canada,LockBit
Blue Kangaroo Learning Center,Education,"Stolen: 86 GB, folder with passports, there are several confidential files, accounting, marketing, and more    The Kangaroo Group was proudly established in 2003 by two young and enthusiastic Vietnamese entrepreneurs. Throughout 18 years, busines...",Sep-22,8142,United States,LockBit
Monnens en Partners,Business Services,"Your partner in accounting, taxation and advice Our accountants and advisors help you with personal and professional growth and work on the well-being and future goals of your company.",Sep-22,3436,Belgium,LockBit
upLexis,Business Services,O upMiner é uma plataforma utilizada por empresas de todos os tipos para agilizar a coleta de informações sobre pessoas físicas e jurídicas.,Sep-22,4962,Brazil,LockBit
VS Associates,Financial Services,"VS Associates, Inc. helps you build your own roadmap to a more secure financial future with clear, easy to understand explanations of financial products and services. The number of investment options, financial products, and services available in th...",Sep-22,6081,United States,LockBit
ARA LAW,Law Firms & Legal Services,130 gb of all legal documents of this agency. Mr. Rodriguez - let's make a deal.,Sep-22,2124,India,LockBit
Columbia Grain,Agriculture,"We value every member of the Columbia Grain team who demonstrate daily our core values of innovation, reliability, respect, and have the dedication to work hard to cultivate growth for our farmers, our supply chain management and for their own self-e...",Sep-22,8760,United States,LockBit
MedcoEnergi,Energy & Utilities,"An onshore PSC with two producing oil fields and seven producing gas fields located in South Sumatra, Indonesia, adjacent to MedcoEnergi's existing operations in South Sumatra. The acquisition will provide synergies with its Sumatra operations and fu...",Sep-22,7562,Indonesia,LockBit
Finnco Services,Construction,Finnco-altec is a company that operates in the Packaging and Containers industry. It employs 21-50 people.,Sep-22,3149,United States,LockBit
Aha!,Information Technology,Axel Höer Architekten is a construction firm. They offer architectural and civil engineering,Sep-22,6440,United States,LockBit
Zhulian Corporation,Wholesale & Retail,"About us: The date of establishment of the company - Zulian (Thailand) Co., Ltd. was founded on June 14, 1996 with an authorized capital of 10,000,000 baht for the purpose of conducting a business selling consumer goods. using multi-level marketing s...",Sep-22,6949,Thailand,LockBit
Porcelanosa USA,Wholesale & Retail,"Over the past 40 years, Porcelanosa has evolved from a small tile company to a global manufacturer and distributor for design solutions. With 30 showrooms in the United States and Canada, Porcelanosa is a luxury lifestyle brand that will make your ne...",Sep-22,5384,United States,LockBit
MWD Digital Agency,Business Services,"It is the set of specialized skills in Data Management, Digital Strategy, Security, Application Development, Hosting, Social Media & Content Management, Digital ADV. We are proud of our over 15 years of history",Sep-22,8161,Italy,LockBit
Connectivity Point,Business Services,"Connectivity Point Design and installation is a company that installs and provides structured cabling, audiovisual, sound masking, security, wireless networks",Sep-22,2510,United States,LockBit
Enviro,Energy & Utilities,"It is a company that conducts consulting on waste disposal and environmental conservation of general and industrial waste. In addition, we provide guidance on the maintenance and management of waste disposal facilities, and various consulting service...",Sep-22,4765,United States,LockBit
CR Brands-Ohio,Manufacturing,"Redox Brands was a marketing company formed in 2000 by Todd Wichmann and Richard Owen, former executives with the multinational consumer products firm Procter & Gamble. The company's first product was Oxydol brand purchased from P&G. P&G would contin...",Sep-22,7624,United States,LockBit
Cheung Woh Technologies,Manufacturing,Cheung Woh is a world class manufacturer and supplier of HDD components and precision metal components.,Sep-22,7531,Singapore,LockBit
La Calera,Agriculture,"La Calera Agrícola is a leading company in citrus production and exports in Peru, with more than 3,000 ha planted in the cost of Peru. It mainly produces mandarins",Sep-22,2501,Peru,LockBit
CPIC Brasil,Construction,"CPIC is the first manufacturer to produce E-glass fiber by the direct-melt process in China, in year of 1986.",Sep-22,7730,Brazil,LockBit
Oklahoma City University,Education,"Data: 285GB: confidential folders, HR, passports, investigations, incidents, audit, budget, president and more    Meet OCU. As a top liberal arts & sciences university, Oklahoma City University has been leading students to their creative edge fo...",Sep-22,6507,United States,LockBit
Steve Silva Plumbing,Construction,"Steve Silva Plumbing provides Professional Plumbing, and Repair for Kitchen, Bath, Toilet, Shower, Water Heater, Copper, Sink and Rooter in Napa",Sep-22,4807,United States,LockBit
St. John Vianney Roman Catholic Church,"Community, Social Services & Non-Profit Organisations","In the Church of St. As a parish, we recognize that we have a duty to offer parishioners a way to receive God's unconditional love and to enrich and awaken their feelings.",Sep-22,4834,United States,LockBit
Overseas AST,Construction,"Downloaded 354gb COMMERCIAL and CONTRACTS.  34gb: HR 24gb, Planning 4gb, Credit 4gb.  Founded in 1898, Overseas AST was a major construction company based in Europe. In 1959 Overseas AST established operations in Dubai and in 1964 the business was...",Sep-22,8129,United Arab Emirates,LockBit
Meiji,Manufacturing,"Apparently, the company does not really understand the seriousness of the situation.  Meiji Seika Singapore  Established in 1974, Meiji Seika Singapore is the first overseas operation out of Japan for Meiji Co., Ltd. Japan, and is today one of th...",Sep-22,5955,Japan,LockBit
Accident Repair Management,Automotive,"Accident Repair Management service Our Accident Repair Management service delivers centrally managed bespoke solutions which are ideal for fleets, leasing, rental and insurance companies. These services are offered through our carefully selected nat...",Sep-22,7694,Ireland,LockBit
Christiana Spine Center,Healthcare Services,Christiana Spine Center is the only practice in the region dedicated specifically to taking care of patients with spinal disorders. We are able to provide superior care by having fellowship trained experts diagnose and treat your spine problems. We p...,Sep-22,7503,United States,LockBit
Versma,Financial Services,"Versma Management Services provides a full suite of customisable, end-to-end business processing services, which are tailored to each of our broker clients.  Our model provides brokers access to an expansive network of the best insurers, underwriti...",Sep-22,6420,Germany,LockBit
Eneva,Energy & Utilities,"1223 GB. finance, plans for the future, legal information, accounting, marketing, insurance and much more. https://anonfiles.com/5eZ8J86ey6/tree_txt",Sep-22,3502,Brazil,LockBit
Goodwill Industries of New Mexico,"Community, Social Services & Non-Profit Organisations",Goodwill Industries of New Mexico is a local nonprofit organization that helps New Mexicans find jobs in the community and gain access to specialized social services. We are CARF accredited which is evidence of our commitment to continually improve s...,Sep-22,5042,United States,LockBit
Sport Lavit,Consumer Services,"Sport Lavit has been the sports medical wholesaler for the Benelux for more than thirty years. In the Sport Lavit webshop you will find everything in the field of sports, physio and therapy, massage and care. Our philosophy is simple: in sport everyt...",Sep-22,5116,Germany,LockBit
Willkommen im Diakonissenhaus Riehen,"Community, Social Services & Non-Profit Organisations",diakonissen-riehen.ch Geistlich-diakonischen Zentrum Riehen,Sep-22,2506,Switzerland,LockBit
LEGACY HOSPITALITY,Financial Services,Our core business is hospitality in which Legacy Development & Management has grown into a major force in the hospitality industry.,Sep-22,7597,United States,LockBit
Pinnick Lewis,Financial Services,Pinnick Lewis was established in London’s West End in 1950 and has been located in North West London since 1972. Over the years we have developed a varied and loyal client base – spanning in some cases multi-generation.,Sep-22,6057,United Kingdom,LockBit
Integrate,Information Technology,"INTEGRATE means integrate, integrate and combine. This is exactly what we have been doing since the company was founded in 1996. We are a reliable partner with foresight. We have about fifty employees working on various projects from different sector...",Sep-22,7782,United States,LockBit
Omega Services,Consumer Services,"Omega Services technicians provide quality services to the Sydney area. Our values drive us to continuously improve and grow to meet the demands of the current marketplace. We do things the right way, not the easy way to make sure that no one has to...",Sep-22,1562,Australia,LockBit
Frigoríficos Bandeira,Wholesale & Retail,"Frigoríficos Bandeira S.L ., is a company founded in 1984, dedicated to slaughtering and butchering of cattle. The great experience gained over three generations in the treatment of livestock has placed us as one of the leading companies in the secto...",Sep-22,1689,Spain,LockBit
Ginko,Consumer Services,"At present, the business group covers five business groups: brand development, contact lenses, pharmaceutical biochemistry, retail channels and strategic investment.",Sep-22,7851,China,LockBit
Ring-Plastik Pechler,Manufacturing,"Experience since 1969  Centrally located between Augsburg and Munich, Ring-Plastik has been manufacturing high-quality plastic parts since 1969. From the development and design of their products to series production, we accompany our customers in t...",Sep-22,6824,Germany,LockBit
Shopper360,"Advertising, Marketing & Public Relations","Stolen 178GB: passports, scans, financial statements, contracts, documents and more   Shopper360 Limited is a Malaysia-based provider of shopper marketing services to the retail, consumer goods and in-store advertising industries. The company offe...",Sep-22,7856,Malaysia,LockBit
Peak International,Manufacturing,"peak. com. hk  Peak is an industry leader in engineered plastics and packaging for high value-add products in industries such as semiconductors, precision mechanical components, and solutions for the laboratory, and consumer markets. With offices i...",Sep-22,4028,Hong Kong,LockBit
Divultec,Consumer Services,"Divultec's offering is focused on Systems Integration, offering solutions for backup, communications, security, server and storage infrastructures, virtualization, network infrastructures, printing and software licensing",Sep-22,3545,Portugal,LockBit
Clestra Hauserman,Construction,"Clestra Hauserman is the result of a powerful story written by the energy of successive generations of passionate men and women. It is the story of Clestra Hauserman’s staff past and present, as well as its clients, its partner architects and designe...",Sep-22,8104,France,LockBit
Galenica,Healthcare Services,"Galenica (Laboratoires Pharmaceutiques Galenica) Created in 1978,Pharmaceutical Laboratories GALENICA are specialized in the development, manufacture, promotion and sale of generic drugs for the Moroccan market as well as foreign marchées. By offer...",Sep-22,5099,Switzerland,LockBit
ThinInfra,Information Technology,ThinInfra is specialized on leveraging high-end sales and pre-sales support around the thin infrastructure topic. ThinInfra covers topics like:     Thin Clients         Thin Client Management Solutions     Virtual Desktop Infrastructure...,Sep-22,4781,Netherlands,LockBit
Kamut International,Food & Beverages,We have three main activities at KEE. We organize the promotion and protection of the KAMUT(R) tradename in the European Union. We also coordinate a research program regarding health and nutritional benefits of processed products made of KAMUT(R) kho...,Sep-22,3016,United States,LockBit
Autoliv,Manufacturing,"AUTOLIV HIROTAKO SDN.BHD. A major player in the Malaysian safety restraint systems marketplace, providing a range of high quality seat belts, airbags and steering wheels to all automotive manufacturers based in Malaysia.  Products: seatbelts & rel...",Sep-22,7457,Sweden,LockBit
Ocrex,Information Technology,OCREX was formed in 2009 and specialises in the development of OCR software solutions. OCREX has developed AutoRec which automates the process of performing bank reconciliations from paper bank statements. Primarily this product is geared toward the...,Sep-22,7715,India,LockBit
Window Rock School District 8,Education,"Window Rock Unified School District is proud to be one of the finest School Districts on the Navajo Nation. Following our mission and vision statements, our team of more than 300 dedicated employees is providing quality education to students residing...",Sep-22,6813,United States,LockBit
Capsa,Shipping & Logistics,Capsa 2in1® cajas de cartón personalizadas Tu solución a medida. Contamos con soluciones de cajas de cartón especialmente diseñadas para cada tipo de necesidad    USUARIOS Y PASSWORDS CAPSA   ACCESO A RRSS Y EMAIL MARKETING  Twitter: Usuar...,Sep-22,4654,Spain,LockBit
Agenzia delle entrate,Internet & Telecommunication Services,"The Revenue Agency, operational since 1 January 2001, was born from the reorganization of the Financial Administration following the Legislative Decree No. 300 of 1999. It has its own statute and specific regulations governing administration and acc...",Sep-22,12347,Italy,LockBit
Fedefarma,Engineering,"Farmaoffice go, digitaliza tu farmacia con un clic Hacer realidad el reto de digitalizar tu farmacia es posible. Desde fede farma te ayudamos a conseguir facilitándote una web personalizada, dinámica e interactiva con la que posicionarte como experto...",Sep-22,7218,Spain,LockBit
"Trial Pro, P.A.",Law Firms & Legal Services,"The seasoned injury law specialists at Trial Pro, have well over a combined 100 years of experience practicing all types of injury law, including but not limited to personal injury, workers compensation, wrongful death, product liability, consumer pr...",Sep-22,6565,United States,LockBit
Fruca SA,Wholesale & Retail,Fruca Marketing is one of the Biggest Producers of Fresh Fruit & Vegetables in Spain and Europe,Sep-22,7831,Spain,LockBit
STA Travel,Hospitality & Tourism,"For you, traveling is more than just booking a flight and taking a few photos of cool spots? Then you are exactly right here! At STA Travel, we love nothing more than getting to know a new country, its culture or a language in all its beauty and disc...",Sep-22,4968,United Kingdom,LockBit
YMA,Manufacturing,"From using composite wood 50 years ago to today’s carbon fiber composite products, YMA combines the power of science, driven by engineering, time proven craftsmanship, and united by purpose. The company is driving innovations through the use of mate...",Sep-22,7680,China,LockBit
NORMANDISE Pet Food,Manufacturing,Normandise Petfood is a manufacturing and packaging plant specializing in the custom manufacturing of high-quality food products.,Sep-22,7617,France,LockBit
Holiday Inn Istanbul,Hospitality & Tourism,Holiday Inn Istanbul (Hotel),Sep-22,5056,Turkey,LockBit
Tekinox,Manufacturing,"Workshop for the production of turned parts, Tekinox Srl is specialized in the processing of all families of stainless steels",Sep-22,7759,Italy,LockBit
Hamiota Economic Development,Public Service,hamiota.com The Hamiota Municipal Hamiota Economic Development,Sep-22,1768,Canada,LockBit
Drapery Concepts,Construction,"For more than 25 years, Drapery Concepts Inc. has been creating custom drapery and window treatments in our own workroom.",Sep-22,4698,United States,LockBit
Hunters Estate Agent,Real Estate,We’ve seen our business grow rapidly since opening our first branch in York in 1992. We are now one of the leading estate and lettings agency networks with branches throughout the UK.  The last 25 years have given us invaluable experience during wh...,Sep-22,3055,United Kingdom,LockBit
GAV Resorts,Construction,GAV Resorts is a company specializing in high-end resorts.,Sep-22,3092,Brazil,LockBit
Kisan Group,Manufacturing,KISAN Trafik Mühendisli?i Proje Hizmetleri. Turkey Revenue:  $177 Million,Sep-22,2356,India,LockBit
Sport City,Consumer Services,"As a clothing manufacturer for over 30 years, SCI has witnessed the development of the garment industry in Taiwan. We are fully aware that talent is the key to a company's sustainable development. Talent development takes time and effort, and SCI put...",Sep-22,2999,United States,LockBit
Centro Don Serafino Ronchi,Healthcare Services,"Don Serafino Ronchi è un centro multidisciplinare specializzato in terapie fisioterapiche e riabilitative, visite mediche, esami diagnostici e cura dei disturbi dell’età evolutiva, 400 mq dedicati alla salute e al benessere della persona.  Ambiente...",Sep-22,4536,Italy,LockBit
Hatcher Insurance,Financial Services,"With deep-roots in the insurance community dating back to 1942, Hatcher has been serving Florida for over half-a-century.",Sep-22,6759,United States,LockBit
Northwest Pipe,Manufacturing,"Northwest Pipe Fittings sells quality plumbing supplies, HVAC parts, pipes, valves & fittings to professional contractors and homeowners.",Sep-22,6360,United States,LockBit
UNIR Distribución y logística,Shipping & Logistics,"Unir Distribución y Logística (Unir SA) Argentina Unir SA is a Clarin Group company oriented to the development of integral solutions in the tasks of Postal Distribution, Logistics in general, we offer all the variants of products, in the shortest t...",Sep-22,7705,Argentina,LockBit
Siam Computing,Information Technology,Intermunicipal Syndicate of Water Supply and Sanitation of Mayotte,Sep-22,7316,India,LockBit
Osprey Video,Information Technology,"THE OSPREY DIFFERENCE Serving Mission Critical Markets, our products are designed to withstand extreme environmental conditions like unpredictable temperature fluctuations, unstable power grids and above average shock and vibration. These factors ar...",Sep-22,4717,United States,LockBit
Flores Funza,Agriculture,"floresfunza.com FLORES FUNZA is one of the leading companies in the flower industry in Colombia. With over 200 hectares (of production and more than 30 products availabl Headquarters:  Vereda Cocli Kilometro 7 Via, Funza, Cundinamarca, Colombia...",Sep-22,3098,Colombia,LockBit
Rovagnati,Wholesale & Retail,"Novità Rovagnati, un ""dominio"" internazionale Nasce il sito Rovagnati.com, una piattaforma in lingua inglese che parla dell'azienda a tutto il mondo. Scopri di più Novità Rovagnati negli Stati Uniti A fine settembre è stato inaugurato il primo stabil...",Sep-22,9746,Italy,LockBit
La Competencia,Internet & Telecommunication Services,"About: La Competencia S.A. inicia en 1963, durante su tiempo de vida se ha dedicated a la importación, venta y distribution de distintos productos innovadores, las primeras importaciones fueron maquinas de cosér, siguiendo con linea blanca para hoga...",Sep-22,7235,Ecuador,LockBit
Spécialités Y G Ltée,Wholesale & Retail,"Spécialités Y.G. Ltée 587 rue des Actionnaires, Chicoutimi, Québec, G7J5B3 Canada",Sep-22,4419,Canada,LockBit
GET,Business Services,"The origins of G.E.T. date back to 1987, the year in which a small tobacco shop was opened in Benidorm. Today, more than three decades later and thanks to the entrepreneurial spirit of its founders, the company is made up of a large team of professio...",Sep-22,7430,Spain,LockBit
Roedean School,Education,"Stolen: passports, finances, personal photos, documents and more  Roedean School was founded in 1885 to provide 'a thorough physical, intellectual and moral' education with 'as much liberty as is consistent with safety'.",Sep-22,8482,South Africa,LockBit
Comune di Reggio Emilia,Public Service,Gorizia is an Italian town and the capital of the Province of Gorizia in its inhabitants are called the Goriziani. The municipality covers 41.1 km² and has 34 336 inhabitants since the last population census. The population density is 835.2 inhabita...,Sep-22,3609,Italy,LockBit
Quality Medical Care,Healthcare Services,"Quality Medical Inc. Founded in October 2001 to provide a convenient, pleasurable and private shopping experience for the medical community. Our goal is simple; excellent products, exceptional customer service and a commitment to value. With our he...",Sep-22,5689,United States,LockBit
RIKEN,Engineering,RIKEN CORPORATION: Manufacturer of functional parts for automotive and industrial machinery.,Sep-22,10795,Japan,LockBit
Grupo OSDE,Business Services,"OSDE is a network of medical care services in Argentina created in 1972. 2 In 1991 it became the first network of medical-care services in Argentina , with a system of open health plans. 3  It currently has more than 2 million members, almost 7 tho...",Sep-22,8922,Argentina,LockBit
New West Metals,Mining,New West Metals Inc offers a full range of stainless steels of all types and shapes,Sep-22,6606,Canada,LockBit
Marco Polo Hotels,Hospitality & Tourism,"Marco Polo Hotels embody the ethos to explore, discover and experience a destination creating unique guest experiences in established locations and drawing on the key philosophies of its namesake, Marco Polo: the explorer, global traveller, entrepren...",Sep-22,2807,China,LockBit
KKCS,Business Services,"KKCS is a full-service program management, project management, and construction management firm with more than 30 years of experience providing consulting services for transportation, aviation, infrastructure, and facilities projects. We bring a weal...",Sep-22,4493,United States,LockBit
Tru-Fab Technology,Construction,"Tru-Fab Technology, Inc. is a full-service company specializing in custom fabrication, machining, welding, deep-hole drilling, powder coating.",Sep-22,4484,United States,LockBit
AddConsult Group,Business Services,"Stolen data: bank documents, customer data, financial documents.  About company: Service, quality, inlevingsvermogen and pragmatic aanpak to belangrijke corewoorden for AddConsult. Ons enthousiast team of consultants outside of contact with our cli...",Sep-22,7212,Netherlands,LockBit
Kortrijkse Rijschool,Education,"Kortrijkse Rijschool, Eerste keer goede keer, uw partner in elke rijopleiding.",Sep-22,2356,Belgium,LockBit
DCash,Wholesale & Retail,"dcashpro.com Moderncast International Cosmetics (MCIC) unveils Dcash Professional brand strategy, preparing to penetrate the B2C market, accelerating the development of hair products to meet the end-consumer needs, increasing online sales channels,...",Sep-22,2166,Thailand,LockBit
MetaAge,Information Technology,"Helping enterprises integrate cloud technology, digital transformation, and improve enterprise per capita productivity through intelligent automation. Metaverse Generation ""Best IT Intelligence Partner""",Sep-22,3065,China,LockBit
Rottley Tile,Others,"Rottley Tile has more than 35 years of experience and professional service team, all kinds of tile questions are happy to answer for you, your inquiries are our honor.",Sep-22,2829,China,LockBit
Canteen,Food & Beverages,"Canteen is a family of companies, serving clients across the country with both national and regional offerings for our markets, dining, coffee and vending lines of business.",Sep-22,4518,United States,LockBit
Al-Taadhod Group,Manufacturing,"small part of data we have, if the company do not contact us all their data will be published",Sep-22,4559,Qatar,LockBit
Currier Ryan,Law Firms & Legal Services,"The legal advisor you choose to build and implement your estate plan will play an important role for your family and your legacy. While no single firm is the best choice for everyone, we feel Currier Ryan is ideally suited for high and ultra high net...",Sep-22,4715,United States,LockBit
Perteet,Engineering,"Talent, innovation, and hard work. For over 33 years, we’ve been partnering with public agencies to help keep cities and towns moving forward in Washington State and beyond.  Perteet is a community of self-disciplined people and teams. We are fier...",Sep-22,4230,United States,LockBit
Misumi USA,Manufacturing,"Established in 1982, Misumi Electronic Corporation has surged ahead and become one of the leading CCTV & CMOS security equipment manufacturers and exporters in Taiwan. Our product lines range from all kinds of CCTV & CMOS cameras to related periphera...",Sep-22,2811,United States,LockBit
Town of Frederick,Others,"The Town of Frederick is a Statutory Town located in Weld County, Colorado, United States.[1] The town population was 14,513 at the 2020 United States Census, a +67.22% increase since the 2010 United States Census.[3] Frederick is a part of the Greel...",Sep-22,4894,United States,LockBit
SBR Stahlbau Regenhütte,Construction,"The company SBR - Stahlbau Regenhütte GmbH - based in Zwiesel is a future-oriented and high-performing medium-sized family company, which manufactures complete equipment parts for the construction machinery industry with the most modern machines. Thi...",Sep-22,2652,Germany,LockBit
Growag Feuerwehrtechnik,Manufacturing,"Ausrüsterin für Feuerwehren, Unternehmen und Private Entdecken Sie unsere Geschäftsbereiche und erfahren Sie mehr über uns. Nebst einem umfangreichen Produktsortiment bieten wir Ihnen Service- & Wartungsdienstleistungen sowie ein Angebot an verschi...",Sep-22,4468,Switzerland,LockBit
Studio Barba,Consumer Services,"Il sito STUDIO BARBA rappresenta uno strumento per fornire informazioni sull'attività professionale esercitata, secondo professionalità, correttezza e verità, nel rispetto della dignità e del decoro della professione e degli obblighi di segretezza e...",Sep-22,4689,Italy,LockBit
Megal Development,Construction,Megal is a source for individual and group investors who are looking for an opportunity for a real estate investment.,Aug-22,3968,United States,LockBit
The Pinjuh Law Firm,Law Firms & Legal Services,"The Pinjuh Law Firm, LLC offers efficient and successful immigration legal services. Managing attorney Lori A. Pinjuh brings a wealth of experience and care to her representation.  We have all company and clients information",Aug-22,4878,United States,LockBit
Barry W Dowd Attorney At Law,Law Firms & Legal Services,"Outstanding legal service since 1993. Alimony, annulments, divorce, legal separation, prenups, and paternity We have all client files",Aug-22,4453,United States,LockBit
Ruffin Lawyers,Law Firms & Legal Services,Ruffin Lawyers is a company that operates in the Legal Services industry. It employs 6-10 people and has $1M-$5M of revenue.,Aug-22,4497,Australia,LockBit
Robit Plc,Mining,"At Robit, our focus is on the drilling – where the steel and the ground collide. That’s what we know best. Whatever your operation – forepoling, piling, tunnelling, anchoring or construction – Robit drilling consumables are designed to give more dril...",Aug-22,4174,Finland,LockBit
Destination Hope,Healthcare Services,"Based in Fort Lauderdale, Florida, we provide substance abuse and mental health treatment for adult men and women. Our center is among one of the first Non-Medicare Partial Hospitalization programs made available in the state of Florida. We are proud...",Aug-22,4440,United States,LockBit
Entrust,Information Technology,"OUR STORY BEGAN IN 1969, with the founding of Datacard Corporation and the advent of secure, high-speed payment and identity card printers.",Aug-22,7165,United States,LockBit
Wabtec,Manufacturing,"Wabtec Corporation is an American company formed by the merger of the Westinghouse Air Brake Company and MotivePower Industries Corporation in 1999. It is headquartered in Pittsburgh, Pennsylvania. Wabtec manufactures products for locomotives, freigh...",Aug-22,4404,United States,LockBit
FAAC Group,Construction,"Fabbrica Automatismi Apertura Cancelli (FAAC) was founded in 1965 and immediately became synonymous with automation for gates all around the world. Quality, safety, reliability, satisfaction, passion and research are the values on which the company h...",Aug-22,4984,Italy,LockBit
Becker Law Office,Law Firms & Legal Services,"Full dataset. 500gb. Becker Law has over 30 years of experience in Kentucky and Indiana handling cases for more than 50,000 clients. Becker Law has forced them to pay hundreds of millions of dollars for our clients. Your case to us is personal becaus...",Aug-22,5394,United States,LockBit
Best Tax Filer,Financial Services,Full dataset. Best Tax Filer LLC is happy to announce a new referral policy for all the clients across United States. This program is not only meant for assisting new clients but also provides benefits in cash or in kind to you. This new policy gives...,Aug-22,4528,United States,LockBit
Century Aluminum,Manufacturing,"Full dataset. Century Aluminum Company is a US-based producer of primary aluminium, with aluminum plants in Kentucky, South Carolina and Iceland. It is the largest producer of primary aluminium in the United States. The company is a publicly held cor...",Aug-22,4900,United States,LockBit
La Poste,Financial Services,"How much is the personal data of the French? 100 thousand dollars, that's how much the private information of more than a million and a half people in France is worth.  La Poste Mobile is a quadruple play Telecom operator (mobile, landline, Internet...",Aug-22,5083,France,LockBit
Lexington National Land Services,Real Estate,Lexington National Insurance Corporation is a national property and casualty insurance company rated A- by A.M. Best and U.S. Treasury listed. Lexington National Insurance Corporation is licensed in all 50-states and the District of Columbia. Starti...,Aug-22,6595,United States,LockBit
Gemeente Maldegem,Public Service,Stolen private data and DB's,Aug-22,7306,Belgium,LockBit
Groupe Hélios,Construction,"Chez Hélios, les femmes et les hommes sont au cœur de l’entreprise. Chaque personnalité et compétence est un atout essentiel pour assurer la réussite du groupe. Diverses fonctions sont occupées quotidiennement : Management, Exploitation/Travaux, Admi...",Aug-22,7318,France,LockBit
MEC,Manufacturing,"Mack Energy Corporation was founded by Mack.C..Chase, President, in 1990. It was formed as an independent energy company engaged in the exploration, development, and production of oil and gas in southeastern New Mexico. Headquartered in Artesia, New...",Aug-22,6712,United States,LockBit
Unimaster,Shipping & Logistics,"Unimasters Logistics Plc is a dynamic, advanced supply chain management company, headquartered in Bulgaria with fully owned subsidiaries in Romania and Hungary. It specialises in delivering a wide range of customer-friendly, innovative, advanced phyg...",Aug-22,5832,Bulgaria,LockBit
O'Brien Group Australia,Hospitality & Tourism,"O'Brien Group is Australia and New Zealand's largest privately owned hospitality, entertainment and leisure company.  For over 30 years, O'Brien Group has operated many of Australasia's premier venues.  O’Brien Group Australia is a fully integrate...",Aug-22,5970,Australia,LockBit
Precision Flooring Products,Manufacturing,"Since 1994, Precision Flooring Products, Inc. has been a leading manufacturer and distributor of customized prefinished mouldings to the wood flooring industry throughout North America. To meet the demands of our customers, we customarily stock a wid...",Aug-22,6661,United States,LockBit
Scohil Construction,Construction,"Scohil Construction Services has experience in, and the capability to perform, the following construction related activities:      Storm Water Detention Ponds     Lime / Cement Soil Stabilization     Utility Installation including water, sanitary...",Aug-22,6653,United States,LockBit
EMUNWorks,Information Technology,ONE platform for CRM and B2B. Sell smarter and shop smarter with EMUN1. Much more than an order entry system. EMUN is a fields sale software solution provider. It offers a sales enablement solution.,Jul-22,6548,United States,LockBit
Eclipse 4dm,Business Services,ECLIPSE GROUP is a large-scale manufacturer of a large-scale graphics with high-end service for each client.,Jul-22,5488,United Kingdom,LockBit
Susquehanna International Group (SIG),Financial Services,"Semen Indonesia Group (SIG), is an Indonesian cement company established in 1957 in Gresik, with the name NV Semen Gresik. In 1991, PT Semen Gresik was the first state-owned company to go public on the Indonesia Stock Exchange. Furthermore, in 1995,...",Jul-22,6714,United States,LockBit
Diodes,Manufacturing,"Hello, today we are presenting incredible information from one of the largest chip manufacturers -= Diodes Incorporated.=- Type    Public Traded as   Nasdaq: DIOD S&P 600 component Russell 3000 Index component Industry    Semiconductors Founded 1959...",Jul-22,13543,United States,LockBit
BizFrame,Information Technology,"BizFrame’s Enterprise Platform as a Service (PaaS) enables companies to quickly develop, run and manage any web-based business application without the traditional complexity of building and maintaining the infrastructure.",Jul-22,6053,South Africa,LockBit
Bizerba,Manufacturing,Bizerba SE & Co. KG is a German provider of weighing and slicing technologies for industry and trade and is a worldwide leading specialist in industrial weighing and labeling technologies.[citation needed] It was founded in 1866 Andreas Bizer in Bal...,Jul-22,9803,Germany,LockBit
The Institute of Ismaili Studies,Education,"The Institute of Ismaili Studies (IIS) was established in 1977 as an academic institution of higher education dedicated to the study of Islam, with a particular focus on its Ismaili and broader Shi‘i traditions. A core part of our mission is to prese...",Jul-22,7494,United Kingdom,LockBit
V L P,Wholesale & Retail,"Flexible partitioning specialist VLP has specialised since 1982 in bespoke “flexible partitioning” for a wide variety of sectors, with products including: industrial curtains, strip curtains, welding curtains, swing doors, roll-up curtains, Dynaco h...",Jul-22,7735,United States,LockBit
Atlantic Coast Athletic Clubs,Consumer Services,[part 1] acac (Atlantic Coast Athletic Clubs) is one of the Top 100 Fitness and Wellness Clubs in America.,Jul-22,7556,United States,LockBit
Emprint,Business Services,[4.7 TB Files] Emprint provides document and printing solutions tailored to address each client's unique needs,Jul-22,7532,United States,LockBit
Cabbage,Wholesale & Retail,"Cabbage Inc Cabbage, Inc. operates as a cabbage producer. The Company offers a variety of cabbage and organic products including spring mix, spinach, red, green, napa, and savoy cabbage, as well as harvesting and shipping inspections. Cabbage serves...",Jul-22,8787,United States,LockBit
A2 Pas,Hospitality & Tourism,Upload about of 20Gb private clients data exclusive information about their clients and companies and more passports scans  cofidal.fr kadim-invest.fr abel-investissements.fr   Key Principal: Isabelle DAHAN Industry: Management of Companies a...,Jul-22,7649,France,LockBit
Genus plc,Engineering,"Genus is a world-leading animal genetics company. We partner with farmers to nourish the world more efficiently and sustainably. We do this by breeding better pigs and cattle, so farmers can produce highquality meat and milk more efficiently and su...",Jul-22,6170,United Kingdom,LockBit
Vytelle,Business Services,"Vytelle is a precision livestock company reshaping how cattle producers worldwide optimize their herds. Through Vytelle’s integrated technology platform, generations of genetic gains can be made in just a few years. This allows producers to sustainab...",Jul-22,4418,United States,LockBit
Alpa Azienda Lavorazione Prodotti Ausiliari SpA,Manufacturing,"ALPA, a leather tanning company, was founded in 1957 in Milan thanks to the foresight of Mr. Gualtiero Gualtieri. The company still maintains the family connotation through Gloria, Mr. Gualtieri’s daughter, who, as CEO, leads the company. Production...",Jul-22,8594,Italy,LockBit
Export Trading Group (ETG),Wholesale & Retail,"ETG has developed into a global player with a diverse portfolio of expertise across multiple industries, encompassing Agricultural inputs, logistics, merchandising and processing, supply chain optimization, digital transformation and energy.  Our p...",Jul-22,6953,Tanzania,LockBit
Lonseal,Manufacturing,"Celebrating over 50 years of durability and performance in a variety of commercial industries, Lonseal® offers a unique selection of sheet vinyl flooring in exterior and interior, embossed, smooth, sport and wood-grain surfaces. We provide finishes o...",Jul-22,10644,United States,LockBit
Metro Appliances & More,Consumer Services,METRO Appliances And More.  Information from the open sources.  Metro Appliances & More owns and operates retail sores and sells appliances such as dishwashers and dryers. Metro Appliances & More was founded in 1974. Metro Appliances & More's hea...,Jul-22,10257,United States,LockBit
Carnbrea,Financial Services,Carnbrea & Co .   Australian Wealth and Investment Advisory group   Carnbrea is a privately-owned boutique Wealth and Investment Advisory group with a proud 50-year history of providing financial and investment advice to High Net Worth Individuals...,Jul-22,11271,Australia,LockBit
AXELLIUM,Business Services,"AXELCIUM is a Consulting Firm specialised in Transaction Advisory Services, Financial Engineering & Regulation in the Infrastructure Industry (PPP/PFI project arrangements): Transport, Environment, Energy and Public Facilities.  - Set-up of BOT, PF...",Jul-22,10013,France,LockBit
Sigma,Manufacturing,"More than 500 thousand confidential documents. Documents were seized from servers in the Netherlands, Germany, France, Italy, Spain, Belgium, Portugal, etc. Over 1 Tb of data. Employees and management data. Process documents. Data will be released in...",Jul-22,13793,Mexico,LockBit
Bosco Avocats,Law Firms & Legal Services,"BOSCO AVOCATS is an inter-bar law firm resulting from the merger of the law firms FLEURY MARES DELVOLVE ROUCHE and VSA.  Focused on the problems encountered by private and public economic operators in the industry and construction, BOSCO AVOCATS ha...",Jul-22,9767,France,LockBit
Les Bureaux de l'Épargne,Financial Services,"Les Bureaux de l'pargne is a family-owned and independent brokerage firm, chaired by Constance COILLARD. For more than 30 years, we have been accompanying our clients in their life projects by enhancing their savings, helping them prepare for their r...",Jul-22,9815,France,LockBit
Pier-Luc Rodrigue Médiateur Avocat,Law Firms & Legal Services,"The days when the lawyer looked down on his client and said the law are over.  Created in 2009, the backbone of the firm is focused on the lawyer/client relationship. Today's lawyer is above all available, fast and astute.  P.L.R Avocat strives t...",Jul-22,10039,Canada,LockBit
Colombus Asset Management,Business Services,"Created by accomplished entrepreneurs with more than 20 years of experience in real estate, the SLP COLOMBUS REIM aims to reposition obsolete tertiary assets in Paris and the Ile-de-France region. The Colombus Group's teams of 15 employees, including...",Jul-22,9975,France,LockBit
